x1,x2,x3,y
1.9564713035830583,0.5220244240380475,3.729120416005668,1
1.0283485640588808,-0.8153091576087395,0.34437924131137504,1
0.7724770427457739,0.4878922310972976,0.5853729407393997,0
-0.5467615949402461,0.5509131550975209,0.5285033869849055,0
0.931783301154733,0.30702045318449467,0.6920048804840316,0
1.739267281730564,-0.08465878453531916,2.9359356325672152,1
-0.09825287527524286,0.9598279030810644,-0.3588914906055536,0
1.5059850115882225,-0.6879450768953028,2.0633245815074126,1
-0.6396924047890269,0.7765255178446259,-0.3581015421963294,0
0.9721886134089095,-0.7079913000139527,0.6337950344015789,1
0.6536839186110702,-0.3511370729788839,0.14180922894618442,1
1.385090314718007,-0.023047036316487413,1.754938600293064,0
0.8028506450392824,0.019833300411186944,0.7288625934829034,0
0.32078219992719226,-0.02395773587197686,-0.5673208389482115,1
-0.0033542053790849846,0.7476263548390678,-1.162655157135788,0
0.9571064797253952,0.3398035155435069,0.6037857491222716,0
-0.7325176167243236,0.03487183806030408,0.18087512160473063,0
0.6633230448020162,-0.8038112953491345,-0.09612857035709012,1
0.2446457715412439,-0.5846604831203306,-0.5997847534219116,1
-0.36041730280371875,0.7897195601935745,-0.9880626470593772,0
-0.493697650808986,1.2487004307032277,-0.8025383261015708,0
0.5399237186459185,0.6208792869396653,-0.17299517216455781,1
-0.07731913482148997,0.007336317101933859,0.02955929870169696,1
-0.5533892085613229,0.9980922119354904,-1.1886103125488623,0
0.4335974166741657,0.679007774067597,-0.46357879108153677,0
0.6191262206522644,1.172443215754153,-0.9524829106703296,0
-0.03684414730160131,0.23877821794924217,-0.45850529827443964,1
-0.5833221498604364,0.5441350526885668,0.17567608137439725,0
-0.5529649527396894,1.0808739502866185,-1.0727417989213741,0
-1.0395116189580873,0.20689301690477035,0.9356868730772591,0
-0.3611218743394764,0.2970233101449943,-0.1684111529233218,0
0.8789125929845217,-0.4497793763318966,1.2184832233113938,1
-0.24442195563527142,0.18124693960599744,0.02216761062175363,1
-0.16725335493659155,-0.31751886015751796,-0.44304336695274904,1
0.013371230130073741,0.7258099302554425,-0.2387305458261028,0
-0.8563844804343337,-0.4226598917610461,0.1274577167354667,0
-0.09964014001502619,0.7084880504284417,-0.41892490184601566,0
0.9571911734905084,0.403698325462605,0.06735806126890387,0
0.039368855770499214,0.6138541404716329,-0.8401321160839395,0
0.035625650657983496,0.0659502017616222,0.06582119042659923,1
1.340650159016712,0.10042865359022465,2.0457202374079833,1
0.7585812826162615,0.5928207749748282,0.28398798951046605,0
1.9332134731976804,-0.04306932847635035,3.694982467061751,1
0.20676752239208102,0.9461176197802167,-0.9577720355986741,0
0.8722849276365406,-0.565224809483486,-0.07608078690235759,1
-0.09612535602271406,1.1084090410898022,-1.4712759912372693,0
-0.553906522675944,1.1917964090539332,-1.2747898146068197,0
0.5520164363836528,0.40637022888179747,0.5095781622928834,0
0.6448402395299075,0.1670551811561426,0.5081779023148384,0
0.5581516184281543,0.9863168508804752,-1.2783517555537665,0
0.4513990146785902,-0.0036117114383680538,0.3171774152814663,1
2.26575939539804,0.43615754768196313,4.808653433288837,1
-0.46010663685025177,1.0962223609301678,-1.2269280474367472,0
0.27466292274874426,0.7400230403508135,-0.25810767802287526,0
2.109135358661185,0.10701835666180237,4.797848865365835,1
-0.05796955024632436,0.9321898148832315,-0.5396693405256028,0
1.7299378637557952,-0.4143025340743765,2.527312289587591,1
1.8736278300478895,0.5804944668719141,3.06528308791313,1
1.1562609351252267,-0.2363634303008729,1.3970138799043152,1
-0.6559874140518538,1.2380052897284983,-0.7608968155084792,0
-0.11506112583907002,1.032505175385279,-1.2205388577638827,0
0.79051374208054,0.24388519942843007,0.5004513440855974,0
0.289707944673395,1.1527248698556183,-1.632061173278879,0
1.1169325905027578,0.5066658373504356,0.5721558225609484,0
0.29892589270108827,0.9178243493223575,-0.46866080904389695,0
1.6539330970527502,-0.3679164421414759,3.0748161911282477,1
1.2702324251382509,0.09344507778773592,1.5795548887567292,0
-0.7916433201012336,0.1264207501767467,0.9619534544478614,0
-0.7358557368538269,0.3377066795002787,0.5540104728482564,0
-1.2614507444515546,0.10139211024168521,1.3551857065463258,0
-0.8298621988471068,0.9895007976578278,-0.16395209756217763,0
0.6845489240300372,0.44914819448152654,0.8051859270477556,0
1.7475909260323248,0.19532648853683282,3.003382493937906,1
0.476742312478021,-0.022404599759696997,0.7744065459514009,0
0.6498391111705413,0.5684293460448058,-0.8177318374694169,0
-0.6736677779021907,0.5683788258530577,0.4184396618369031,0
1.1468227960358155,0.6560918445516699,0.9152124909035528,0
1.2489536280504445,0.6947775173323523,0.9725167937668076,0
0.8285696766364059,-0.4567695227287726,0.5100055839349134,1
0.6139089998107784,-0.6162202167916337,-0.6984922156443703,1
2.1210724404429184,0.15659196076725287,4.397542094686416,1
0.29055514935398297,0.8679989922026917,-0.5440105556196619,0
0.6196608668902432,-0.7513263346905001,0.3367512444152369,1
1.0284375896930165,0.8206974220722538,0.20274504090176163,0
-0.8785350401065821,0.17016486256470043,0.45989497523079476,0
1.4059529514441849,-0.4889107813307738,1.562054984318559,1
2.375593635763011,0.11655047708840643,5.950251849763911,1
0.40167702235851976,0.8322607690220245,-0.4162506689814352,0
1.5085484827557805,-0.15466257412840756,2.0663819416702784,1
0.13896773795098377,0.6923126043927847,-0.2803411084202325,1
-1.1126304491255845,0.4620916106611642,1.058395001949785,0
-1.1864495379640978,0.34788115857912183,1.6256669523273801,0
0.29176990629476646,0.7598235071831068,-0.7379206667058533,0
-0.624774610447564,0.907958197471503,-0.5487265258050142,0
1.7080992519526976,-0.6104327201352597,2.4077370951133776,1
-0.8035631789435996,-0.07649493686124154,0.1276320753422967,1
-0.641044657420877,0.4201261571514159,0.338074361857635,0
1.3807730134741747,-0.7817130307135307,1.3868281976141814,1
-0.37052374267292437,1.1148635984166042,-1.1038432893652066,0
0.859044327342456,0.6776682547205704,0.19661739620192742,0
-0.7627786840001429,0.19446353921637993,0.04863549296278441,0
0.843729805470664,0.848791296945129,-0.1557925440981054,0
0.3659651119945625,0.06401655928274366,0.00988226255042235,1
1.1632418864302307,0.7950817642394048,0.4401796302921508,0
0.7408268526762583,-0.3751559983753213,0.35163240344612323,1
0.16158980058711891,-0.37452679716593695,0.027258741743498405,1
1.698407883907296,0.13208899020178505,3.5273069042096177,1
1.1491285700150398,-0.39890346030278445,1.2224747342744187,1
1.9286312785937116,0.32864042994394427,3.701756713329242,1
1.3947037012331878,-0.8540809317493252,1.189688105737599,1
-0.3601102564469404,0.9529973470139509,-1.4500944719720121,0
1.1332842435063575,-0.8360461527515686,0.5760801506418519,1
1.0573358630149228,0.7833090241360448,0.5254666734039081,0
1.5283291357474573,-0.48738940552361604,2.9603762539277563,1
0.14056479342553732,0.402071746375909,-0.20922956575640217,1
1.9624944737500396,-0.611420347649259,3.5830912877966687,1
0.3308757734882414,1.0600618700318254,-1.0264015102107635,0
0.6292655933623322,0.6358647704529924,-0.41738613248042483,0
0.18475936468711585,-0.14561359991444234,0.4129206874398006,1
0.0819192689958862,1.0864797614425432,-0.9105509439510544,0
-1.060718154564888,0.37123135129362156,1.2641714687053198,0
1.110131087199615,-0.6312828700695695,0.5155873595455678,1
1.483801171171933,-0.8650605888444198,1.9443141020269803,1
1.959461228450766,0.13981414955766552,3.3292924374079536,1
-0.9859863013432859,0.7263701337716245,0.6499553980313,0
1.6902091988622387,0.38743625675673166,3.473359751902356,1
0.018428570060923438,1.2364440897951081,-1.875142088790504,0
1.0634612772397767,0.9496602028861858,0.030891181881655516,0
0.06348193355701692,-0.26001440676370136,-0.02869955805586761,1
-0.01629485889340418,0.5016234080347621,-0.4275770000027232,1
-0.17347269290632883,1.4061042882299764,-2.4897686950677014,0
2.187512366322936,0.17900061609912887,4.777166173434012,1
-0.22228341392135004,0.8317261973342329,-1.0141648510316696,0
0.3602978804214916,0.8824415859322506,-0.48313123922409273,0
1.936339117429153,-0.30114562375121035,3.336922008999975,1
0.13302480860817958,0.3776405983227242,0.4175602199598365,1
0.09274012753500877,0.2188694051925927,-0.3134417375918326,1
-0.6283727816077328,0.7735002874441602,-0.31617187268274544,0
-0.6680157234275286,0.7739028285005086,0.13205044486470108,0
0.8972500579381223,-0.410258609140671,0.20594302934404157,1
2.1725882634849927,0.11304248746959104,4.78697213577087,1
-0.24839634629108653,0.3516176348246335,0.39556574772994185,1
-0.38183871491646154,0.690320866197835,-0.893361226195504,0
-0.3217960354220298,0.23328511776394206,0.11375259272950641,1
0.17446284406248946,-0.2716729691302981,0.04759005978924884,1
-1.336743984707509,0.4853848925067634,1.8249239918999656,0
0.023787522132513228,0.17309636815183752,-0.46232925526548035,1
-0.009909897590019881,0.15437206145195234,-0.48589234186617736,1
-1.0432037058147006,-0.16155065693909304,1.244854905033986,0
-0.1964599893454606,0.4561550939968543,-0.06553630673404535,0
2.1292399268868567,-0.2604833116194085,4.55348360823799,1
0.017057559527393268,1.116827741856415,-1.1257563713191272,0
0.21095777584240294,-0.2647754266230258,-0.26361149590750355,1
0.3911948871401782,0.7886312870228259,-0.38761707314031085,0
1.7753024187599076,-0.490255470408456,3.0139236174439,1
-0.5131265140602748,1.2101380828266297,-1.4511583563848902,0
-0.36799845225365974,0.9982644883856928,-0.20808804901019518,0
0.13839157126236146,0.9570829869778312,-0.7310140946468165,0
1.8619853135563695,-0.10466305324085193,3.0390787291649874,1
0.014768435807889994,0.7337607727019443,-0.30839300183810214,0
2.013639580330296,0.013486361704835942,3.713423892941176,1
1.0203648095283129,-0.6008626953244167,0.9555879772010857,1
1.6764247551980587,-0.4939199706365709,2.9719514750998313,1
0.6070979916078937,1.0775362269805349,-1.0797551604642073,0
0.14812010037329065,1.1691202652696782,-1.0077209852941365,0
0.41215964192687515,-0.12428169648710796,0.2989029547793507,1
0.9045354463124579,0.7200252307087079,0.5874690967766207,0
0.8849995582766693,-0.168532214314023,1.4186986548171936,1
0.6857884958205968,0.13559903993525668,0.36603292076750865,1
0.894431484944069,0.21300858004582177,0.4908273685609937,0
0.08185695055903752,-0.3833713450199103,-0.45160307819648354,1
1.431597142724664,-0.17856028107404642,1.7320530053422765,1
0.6391585676237382,0.9706175272546806,-0.5605603079420984,0
-0.22543633960533568,1.1883004946741889,-1.2418333312424445,0
0.2210681780375815,1.005341217608728,-0.8649980447166371,0
-1.1047175510838663,0.2560198504472451,1.4443688410123134,0
0.8677365464783995,0.7760608336641927,0.15524695870396527,0
2.1702944028715687,0.3691605285764057,5.0826352262819094,1
0.42928658784754536,0.21992386665525904,0.0432905757479035,0
0.05316066425194699,0.1695114056460758,0.9261511478859662,1
0.17777789981658776,0.33974517644429175,0.13516176846378594,1
0.21575094998635547,-0.5698073137670703,-0.5781370471481285,1
0.6618085595152163,0.9318631172972304,-0.8051906742526955,0
1.8013055672837242,-0.5575319991142029,3.1027251620261747,1
0.36255639372233084,1.1940855471806526,-1.3726051302208246,0
1.589771041148343,-0.5434818240479898,2.4818996431355886,1
-0.7793377897116227,0.4369361595369108,0.5820873515624734,0
0.25056450372065414,-0.4541773827014308,-0.16898464386264972,1
-0.6673474522104866,1.043680654746841,-0.9402944884449085,0
-1.4419915531032117,0.5274480590136306,1.2709416556237136,0
0.3546177056821431,-0.35449319507876975,-0.156191941397345,1
0.2101850713696654,0.009640703917496767,0.3438243990678618,1
1.2004482373437124,-0.2590182663778359,1.4489183186698178,0
1.0050480073283732,-0.6393502838948864,0.16534413896906608,1
-1.1417502773722759,0.5901782087408991,1.0158967018549663,0
-0.01623846495365433,0.9251652392417594,-0.7208059492521179,0
0.8876919444394916,0.6129460685227286,0.10294400263489939,0
1.1963151880680172,-0.8474180513529722,0.7668564625242815,1
1.2751872631315342,-0.2444677277182417,1.5867111376132723,1
0.33991230091664915,1.2973809886164271,-1.9676966615496054,0
0.8419433222526138,-0.40942511875253573,0.6664652061421399,1
1.1299892298058816,-0.17454183426877007,1.4426853917962645,1
-0.03147350627729094,0.30041503486560783,0.28980932353542926,1
1.2102892540015664,-0.5941524622750645,1.4806136481363623,1
0.9361209913255538,-0.6689955637083538,-0.05341683264610225,1
0.37225008948526406,0.6555872337303223,-0.6194632558786821,0
0.400479380385075,-0.22173195732905854,0.29148101673566906,1
0.01753485096252133,-0.04751058417422009,0.17787529820897524,1
0.20537468492416813,0.05456903550997998,0.21946767177832863,1
1.864297788336721,0.3308446057634612,4.7146041121635625,1
1.4736564505993703,1.1872531776281656,0.9619049053475665,1
0.23457531828657652,-0.23586574939300556,0.39684090227573415,1
-0.8040090847357309,0.9831331128156618,0.013780508045595496,0
1.0612752758426682,-0.662647438916151,0.9151905207698269,1
1.4482292416988827,-0.5246646234817801,1.7117507337543219,1
0.31676138986055563,0.7543844522822908,-0.20311889656621734,0
0.005466201957478507,0.8389805857723908,-0.9743473690272941,1
0.5126234875205844,1.039235756209114,-0.9001146293847652,0
-0.02116770081398231,0.09994222678286145,-0.17941761887675284,1
-0.9275776662260413,0.32568764449698645,0.7829838338885667,0
1.6767417081319866,0.3426636152449607,3.5041749009123535,1
1.0742722851424782,-0.030205489411333553,0.4996057536275521,1
1.3281373691341545,-0.27937246344593825,1.9260909645898208,1
1.6800996970680162,-0.46648778663298146,2.0406735820939237,1
0.11399201385804483,1.3583793700183504,-1.9973764866943393,0
-0.7721600575289786,0.49626304076890854,0.7310868577485303,0
-0.04936120135997085,-0.5115108404631163,-0.2367088050281721,1
1.1684683372482438,0.564181358168643,0.6698069779714038,0
0.5319518249987852,1.0950051000838363,-1.1664197233310631,0
0.3279355260388493,0.3299476904986024,0.23653544290015183,1
-0.1446708586037183,0.7274361147649802,-0.7638619648362301,0
0.4602192313836506,0.21518710613106756,0.241256756643986,0
1.330731148069368,0.05431092313938657,1.7838458560361006,1
-0.361672771002023,0.19539069884562263,-0.135430453573135,1
1.0527246489666091,-0.5768586983807791,1.5258436599081677,1
-0.37689108819092004,0.7328120528391182,-0.17309495461724284,0
1.1027867331285195,-0.1020133786622876,0.49693194400801477,1
-1.5179203228072886,0.1237684292816425,2.354022492473838,0
2.014290442149976,0.750066076058804,3.2631416042135593,1
0.7530966788877989,-0.4960538986793685,0.6194368045355096,1
-0.4536445081947697,0.6031850481532703,-0.4354211209518338,0
-0.18189922216028886,0.383556495685774,-0.1541860128736477,0
1.5037602611515606,0.5694157742411836,2.1138061467070832,0
1.0055348169474063,-0.3425168443452491,1.196796797392769,1
0.6861413697244756,0.76023736611155,-0.5272746160543691,0
-1.0044020714006543,0.42776869699554354,0.708762030360328,0
0.06398031000305039,-0.11116681275184706,-0.17449543909565246,1
0.8896667621372656,-0.7402937130286302,0.014806934701290853,1
1.1886320181599803,0.170076721875856,2.0018289673694145,0
0.2607752476031103,0.7731332722483614,-0.38798772805866094,0
0.5580592962264064,0.12172489350193108,-0.14469615561061028,1
-0.5413742639503379,0.523881599584701,0.33988584475351674,0
-0.3604847949306018,0.9052468185529843,0.053232153830280016,0
0.5035294546851155,0.8038963759067546,-0.03134463026762291,0
1.3804528357320847,-0.4411268397327794,1.17927765486422,1
1.7159777437028165,-0.4713382384882095,2.552937956319053,1
0.7350634828368472,0.90383411021738,0.16682112722311077,0
-1.0470059778869207,0.4471037001453671,0.6486354860806955,0
0.29278618161269593,1.0194085502084769,-0.7981332442436262,0
2.28918563273406,0.4392994205955836,5.318508798880692,1
-0.9004464162017816,0.6588627415270765,0.052277971225727915,0
-0.14697282996056232,0.6382365875303906,-0.40657880353745157,0
1.8128687261893512,-0.42601108474360483,1.9705640050468025,1
-0.06485865053914255,0.5988016885306717,-0.7128924921044264,1
0.24789848323145822,-0.0194175465892458,-0.02732223611469406,1
0.5890208625320672,-0.4311983500351204,-0.2757105542626871,1
-0.5161450264081386,0.03187543206886756,0.8367336014923534,0
-0.9322190205023291,-0.0699630435135164,0.36358799244242623,0
1.6316491955296657,-0.806564936895235,1.8577165294998466,1
-0.6319487787230518,0.46262429282250306,0.23109722467016758,0
-1.0874130763243466,0.1605694926000717,1.661130287780475,0
0.6538113737301786,0.14791814593866848,-0.09696221839179364,1
-0.36837992469376607,0.3895605693742997,0.39105364496039197,1
1.0429166510509202,-0.8680821121619946,0.3376901589404926,1
0.1336376972767666,0.9979631004108163,-1.3215993435149151,0
1.0827890756302825,0.01004510152052801,1.3340674942318687,0
0.6287425767630519,-0.32158313875362443,0.36157240615472386,0
0.5411175378542313,1.2308830602677099,-1.4323408252861556,0
-0.5484040744398707,0.6478270277799545,-0.09450209931345205,0
0.350456257720093,0.795156427362362,-0.6443139143021193,0
1.593007608369538,-0.17403483559179578,2.5471161871617083,1
0.668244967827505,-0.5321008574907877,0.39516575056671793,1
0.8101161084325905,0.024098230464201197,1.2108132700813323,0
0.4978748651572605,-0.26264368627199575,-0.25433774917257934,1
0.25782074235654223,0.5166464034211345,0.5461097101509781,1
1.7600052925715381,0.2647321771861847,2.3443047744092125,1
-0.2533127019702401,-0.08781138347192302,0.0033317026497564003,1
0.8817400262727394,0.030220275719983647,0.9824632311364611,1
0.36117958951673046,0.11263998754054327,0.21611008279760158,1
1.8135879113652504,-0.2839987735040953,2.9905009769611333,1
-0.9273880049531651,0.8908298062874525,-0.006372019664174625,0
1.764610877099019,0.4051910300581984,2.7771214496059535,1
-0.25646847933033345,0.6812358964182506,-0.6045839306092378,0
2.315314257810601,0.03449289654526283,5.6568510864663315,1
0.7321107369033633,0.14897081374858095,0.6387492478280377,0
0.39828038478702754,-0.08960691512111021,-0.0919204926726481,1
-0.833363469796753,0.8300434361703464,0.3203825232638455,0
1.4326739940490292,-0.22829077162798922,2.1079929291207082,1
0.3971696240490424,-0.29173379401190735,0.3571368452923117,1
2.080022606606257,0.3460744454433103,4.4270966168774555,1
0.45039012658059585,-0.6818623076643828,-0.5522331943148375,1
1.2621944627380672,-0.45856531911348614,1.1867893458040455,1
0.3929425860960998,1.1055968104752791,-0.806387669572078,0
1.7873014748993494,0.06304031952656092,3.4041020731930915,1
0.6074701858878416,-0.14669264768447132,0.3401857359704766,1
0.9931391623664612,-0.46858952435276735,0.807813837650877,1
1.1909689586219856,-0.49214338635368277,1.6233846611954152,1
0.8444747171541439,0.4552737476827906,0.2988133764908977,0
0.8292460212691132,0.6357853136819218,0.47491008210654806,0
0.7180401240766057,-0.2557308257604184,0.37941593618797886,1
0.32088973935786214,0.8351099063748793,-0.6706267520298299,0
0.7010419343920493,-0.025358807403780118,0.8753886228587209,0
-1.1085480465256528,0.8560101821173955,0.7850210617129945,0
1.9958330618500848,0.36008797231387923,4.138414635568987,1
-0.053664270357614334,1.0493912921170752,-0.6414246475541144,0
0.06857816826037655,0.7616781841334022,-0.5680993464513426,0
0.15384431468693177,-0.09747813480255652,0.2528496263501437,1
1.161258044122309,-0.09363872772202253,1.231158668901662,1
0.02865120447339456,-0.2259666954449303,0.06321816743842912,1
2.0940983921465306,0.25932488364443085,4.272448611684797,1
-0.2496408697947487,-0.2629120549243652,0.02714640299477762,1
0.8473243058860875,-0.2487487444049607,0.8643875004052154,1
-0.8587197615289248,0.17038917736057757,0.4219899179469638,0
-0.8649718220792183,-0.3206246552803805,1.3777116299072911,0
1.6716315480185469,0.19692223274532064,2.4034675830565853,1
-1.1572263792267807,0.15654901880004723,0.889699283015361,0
0.08265741652591654,-0.2329358895976717,0.3579119255691039,1
0.046732234377439855,0.8136678890548557,-0.38278958906204935,0
1.4173587555614835,-0.5967743583033261,1.8712081432067047,1
0.32587842824386054,0.7645714571279086,-0.25845183481750644,0
-0.9090884507195371,1.0788938922180566,-0.3418565899301994,0
1.1248267324143233,0.5826597827853931,0.6117037254583213,0
0.738511701582306,-0.020776941387966562,0.5714994474483582,0
-0.09240469117069758,1.245523998502399,-1.779798002924291,0
1.7142186896350953,-0.3338023237841857,3.1684136312267532,1
-0.4116146005455674,0.6214245606132274,-0.2682119886768042,0
0.4143592105113728,0.09768433282641203,-0.12677269242151207,1
0.4213414352729369,0.859814349508182,-0.6742371551208675,0
1.7286288468900848,-0.06670556538659222,3.1282340668434676,1
1.2057654321915605,-0.057975158994545556,1.2532055649262668,0
2.003048016570806,0.0018406269390237595,3.7244208303324595,1
-0.5655134326566386,0.9406951750916974,-0.4798114459035355,0
0.11459430243147278,0.09661607173505582,0.08953548872029536,1
0.1152234084893285,-0.3199629530401194,-0.26652996883415037,1
0.30281788153011385,0.13794851274887307,-0.09219452976165289,1
-1.2965505627978762,0.5818272928812211,1.423737841225172,0
0.03198211325625369,-0.7313096108343332,-1.0406204108543915,1
-0.8729697689038399,0.3811683806047026,0.12417456201541799,0
1.9917606414030813,-0.48823891032769096,3.4772777416460903,1
-0.8937158542396654,0.7678199155538904,0.1344741022990049,0
0.20408600824964637,1.2044248579759596,-1.300170491787834,0
0.3972074325698298,1.3026262510892304,-1.0226867296057236,0
1.0605522304861446,0.3306176632938379,1.3156438624279656,0
-0.35038888595647144,1.0238314649558102,-0.9814369827189428,0
-1.2947295725683032,0.09426115830530152,1.660783827351903,0
0.99193352170049,0.6745456020452893,0.1780350646112615,0
-0.1541210314703834,1.0178072346413298,-1.0186578721440724,0
0.9086444213645891,0.41403797424810324,0.5531767167354675,0
0.2918259009807461,-0.03691893496844589,0.19675084484235122,1
0.7134537181693803,-0.04750323734171763,0.21722882016845707,0
-0.7494908724289975,0.6824098457147081,0.27782465031041836,0
0.32541397538570493,0.789831760234367,0.018518665452311844,0
0.87903587607092,0.41167037455844424,0.56516552217078,0
0.8962258169753682,-0.2758927718090541,0.8677029962113129,1
1.9215600196899905,0.1894771070566013,3.898041732271347,1
1.5957902408201594,-0.042548028913545144,2.4043089927723913,1
0.9998395067063275,0.13730443837540393,1.059258899006813,0
1.4069775632346668,-0.1629718496114877,1.9574333799535997,1
0.13328419153146567,-0.1834157478556306,0.018309973642847262,1
0.5403482742416222,0.38258349876949665,-0.12494730040422333,1
-0.7893862962534247,0.3668588093096766,0.49712389973521587,0
1.6010957212423975,0.009680711615784751,2.737713194339232,1
1.8303761617974248,-0.2752838400301789,3.782395963822776,1
-1.1184659109899024,-0.07631096774516657,1.5808874193780909,0
-1.4146379042255925,-0.2889879359415196,2.6713002330810816,0
-0.46268647139418007,0.8312084730417195,-0.7454004018559668,0
1.4397851304733233,-0.4108574273768497,2.2094896191535986,1
-0.08072461694126423,0.9499292821157673,-0.8316794752322401,0
0.7878010246836195,-0.26416413450929155,1.3172787911577029,1
-0.010398514355423175,1.062732540997517,-1.4121967244685423,0
0.7246065399285875,-0.5780451718667126,-0.10298422777440919,1
2.284663205693355,0.27214995602938646,4.935832938976833,1
-0.7093158848311372,0.5474416508932775,-0.5399268401674104,0
0.41338177390813674,-0.3193276868486279,-0.11509993817692384,1
0.25504861923913535,-0.05532936882050911,-0.20370797242208072,1
0.9790294239710455,-0.5214698740336711,0.7392056087430571,1
1.1540666708708713,0.4539933836654255,1.2453744799249995,0
0.20543852479908437,-0.4700647196014693,0.4779039405831762,1
1.0094415673664647,0.6449119676549439,0.935709175267811,0
1.3540427603110008,-0.20640199797090508,1.5889137325024119,1
-0.4703412420807931,0.42534239402134383,-0.2741404031216302,1
0.18601253113823213,1.119630487517829,-1.0468000568116824,0
1.251792523218898,-0.2604507441458703,1.0370683086033727,1
-0.05350052844125834,1.1142972530673498,-0.5977854936009238,0
-0.6533684465431635,0.8019477335615892,0.19657420182610746,0
2.1093787930121546,-0.1628598773555085,4.258744074520516,1
0.014974516092289059,0.8459997168313934,-1.3150883699284068,0
-0.534016530743019,0.45048567809874446,0.5560916398926187,0
0.26247569162801454,0.4638524470561252,-0.18635454978276714,1
-1.0562584455743071,0.09602392034901386,1.5396970197585693,0
-0.7326854215816546,0.9607833442315614,-0.9443263881325245,0
1.489696100328073,-0.29985796648489393,1.919498413234392,1
0.464436262517258,0.6109623867433887,-0.15573870117281452,0
1.6395253347419,-0.5601538018071136,2.3907142493992364,1
-0.4930648170941177,0.8527808370002149,-0.6416451571164666,0
0.41343419162371237,0.9097441330755432,-0.43870908054019475,0
0.0588875767228742,0.7446901069056252,-0.9247627589147271,0
0.6036454273458207,0.806829931467239,-0.3364195561133638,0
0.20145742615861606,-0.2455641786463962,0.022386799819339644,1
0.5651073697136632,0.27448429929424356,0.4240583006662051,1
-0.9678926558760049,-0.14052116642091564,1.1661352024175233,0
-0.36119114916343725,1.0345609447164474,-1.3334820342418379,0
0.5421442830831719,0.23835326678459542,-0.2998318158645899,1
0.04435532796655328,1.1866454362772452,-0.958973108654115,0
-0.8101606942754056,0.9167356991798982,-0.06773408740919247,0
0.3118165387726845,0.0835113845140017,-0.17171488528606213,1
0.03126834652659549,1.1491262108596538,-0.7766101475572755,0
-0.6304653475177755,0.35110505132898406,0.3146979193544814,1
-1.0764276781496875,0.027585648172861854,1.5706895927239497,0
-0.9496161889477608,0.6401128818781524,0.5156578732588539,0
0.6937106650202597,0.4777029674661018,0.974296135345627,0
0.8002375738029184,0.8024667179141192,0.6107966360212442,0
2.444605067952743,0.02770634984157061,5.888188844471017,1
0.06319288586897061,0.03767268995390323,0.3426239420901102,1
-0.7086948125540247,0.018208985440363715,0.7277983525450183,0
1.212921147500058,-0.07696519576879479,1.9442751138294505,0
0.05037116616205939,-0.18428739802415744,-0.369147801893025,1
0.48801097851825725,-0.7808506126724111,-0.1314549531570791,1
0.20387685821227525,-0.05471389696924431,0.4090207331903028,1
0.5144643008250835,0.19408598441388047,-0.388554672770553,0
-0.695847608264949,0.25078824244546577,0.007168671946142902,0
0.5561430819322455,0.8617846942285633,-1.147108993841557,0
0.21880346284765356,1.311368218602606,-1.7661040414624432,0
-0.3171785772766981,0.986315421463448,-0.6210760712047618,0
-0.6472918348683256,0.6207881537139381,0.5594337559292535,0
-0.9592901850118181,0.9301821773527561,0.08093194914221521,0
0.0450868413818121,1.1782017001128042,-0.8161109819329614,0
0.16466990878844698,0.7226441112861501,-0.9781338430913662,0
1.3555349530767866,-0.6098485730373594,0.8693758732028787,1
0.9617302727576081,0.5174523279539887,0.6377265112196046,0
-1.0138710623149287,0.4151986546836991,0.9899675152772061,0
1.7450565017785598,-0.30977754100738536,2.93781690765411,1
0.8554418024169658,-0.7285593184285277,-0.5226227381606106,1
0.2366711450839366,0.16571985017258306,-0.0026418516553575466,1
1.099757855569002,-0.47639274093637446,0.5259529720921594,1
0.027734528499935022,0.14911473925559787,0.21291939069836222,1
0.06536014641141374,-0.6261608699994688,-0.2594961002456734,1
0.38205443665783645,-0.2116436455869033,-0.22778536536195232,1
0.2802321723629473,0.07886342057562698,-0.10754278974547435,1
0.9150643540417855,0.1833393256659156,0.43300473104114445,0
0.6911830143276337,-0.5778122484753546,0.12192928076127883,1
-0.009291309216064136,-0.03987213160201017,0.3327963537238939,1
-1.3192386777942635,0.7707422915585946,0.8013428927739228,0
1.8405684395607746,0.015430625288770636,3.5638703569416283,1
1.6608448294231781,-0.08410589788593677,2.5657415789321516,1
-0.11980072595398178,0.8644552943706681,-1.010436233318198,0
0.39461713034557433,0.8592674846163328,-0.620078556540799,0
1.5564007871198922,0.21249573463891835,2.014894160060906,1
1.5294876653102654,-0.2593802444585618,2.0782771502493493,1
0.029358354210128876,1.4507279741451986,-2.5230070044116015,0
-0.9540229180131259,0.15168489641077296,1.5748052168158688,0
0.08359301655384405,0.9019413835589655,-0.7941682237695846,0
-0.5597655591354801,1.3967009129721286,-1.882339886900326,0
0.774335400990777,0.6847319960224828,0.20563037560759173,0
0.3652846113190362,-0.3710111355443845,-0.043531232823224686,1
-0.4682546134044569,0.5900949751112644,-0.2062890565136344,0
0.0058107780945943766,-0.06892717966700908,0.21024115406041527,1
-0.18596322505709176,1.150203285080708,-1.0232575774202612,0
1.7157631342359456,-0.07762289014986565,2.7521424180642526,1
2.1286299449386474,-0.2375364299149999,4.273105502727107,1
0.014392580171092184,-0.2576156773629024,-0.1624267848622411,1
0.9963117059717266,-0.36840404581156655,0.051243066828506656,1
2.0286259011549768,0.1775217179694708,3.553492214716516,1
0.2465121506882088,0.7811648571069478,-0.07104429993640843,0
0.34885288256125574,-0.020244573529967363,0.6970271906393363,1
-1.2430178652789838,0.024871295290251363,1.457312218228575,0
1.1910627938475087,0.49018541582553865,1.380143774069295,0
1.2082830959167699,0.3312391671217578,1.4591662081329357,0
-1.4178539998536275,0.3296073091408186,2.979277269621212,0
1.0757023942426662,0.5143187464688271,1.2844630870122407,0
1.0964837189766796,-0.34549700653352533,1.038137207439035,1
-0.8025932417310652,0.06196140164320789,0.3058775421686401,0
-1.0072345422871445,0.7411575859402896,-0.09704935611059451,0
-0.44552758569673095,0.8867815178470546,-0.5166743582248401,0
0.4192696705680489,0.870586443698356,-0.8468564601426167,0
0.41380356252705086,0.9980207252978449,-1.3226007781231435,0
-1.1266172242760912,0.012205618787098943,1.042816883420704,0
0.6839521864494529,-0.23035834269424643,0.03618382603510906,1
-1.0471876754173433,-0.2174371203214187,1.6398226985277056,0
-0.5207636725306128,0.9924896909943335,-0.40526706917014854,0
0.6002097365944815,-0.33388905623329124,0.2459794015696429,1
1.0498810399018068,0.39440877484431786,1.4646723648826123,0
0.9707781862116279,0.4151868511924807,0.7971090730978774,0
-0.6620745467398443,0.6725841661740641,-0.3154762256121831,0
0.6116846733165247,0.3531194216603274,0.7825582406609994,0
-0.7270752233898937,0.6110604523771256,0.34386201929775695,0
2.3958260569668277,0.23651590895260183,5.321006566039282,1
-0.19864846384757706,0.5757503399481771,-0.35864577909070233,1
2.065049141796539,0.5026879849463644,3.7052663591405213,1
2.247843158523878,-0.017765832858666675,4.568503334667925,1
0.16786688794497162,-0.6431391683136313,-0.061286556114745205,1
-0.6976506427090585,1.080991746517057,-0.013530912601089518,0
-0.9950702982379941,-0.32618464259219054,0.39426982653575604,0
1.68380939649611,0.1595385909839579,3.0068007545571476,1
1.88576708536522,-0.3721864578140168,3.1898698416740525,1
-0.403094201155478,0.8624523046620524,-0.7518329271293562,0
0.3508823299559496,0.3488320617531482,-0.2059032713152405,0
-0.5687412708972301,0.9646099128188812,-0.9094024200745886,0
-1.377948513015288,0.36862325376445043,1.7798415710858422,0
0.9739003795798109,0.3325037264226035,0.547090680516919,0
-0.045554214690443205,1.0323701978055198,-0.9690531498180013,0
0.1438507442733491,-0.012015239653508147,0.002965332336867313,1
-0.22237591365636877,0.5731843838462859,-0.36272110731398505,0
1.8992632644857659,0.6100887923488091,2.917345331560941,1
1.5562536165142038,-0.03551860782518104,2.218793781712783,1
2.0792228895710596,0.07534736988275331,4.581877527406993,1
0.37086414706725407,0.550266137589709,0.01006840907055856,0
-0.6887361825023051,-0.004748836714883631,0.13219064195821095,0
0.18124646687810392,0.6406445560291931,-0.34280885851381726,1
0.6445729361495431,0.528031077004872,0.3996429449136441,0
0.16504976448030562,1.1578919724083252,-1.8977642434051174,0
1.4865282903445856,-0.14793011258170358,2.378059107119338,1
-0.10923276413699046,0.37918212249734073,-0.36376560089162724,0
0.4257504792768475,1.1957339301738008,-1.0488066271568128,0
0.7877355191369773,0.6734119012703629,-0.1000970454524428,0
1.864228150221867,-0.1478009117899426,2.821792751321124,1
-0.43147620582697516,1.0320363246960498,-1.448567112556395,0
0.7057242967134686,0.7677683519576196,-0.07459172796451569,0
0.5596290936906758,-0.29283439933418615,0.3183356126741522,1
0.4788732758499057,0.8348002594880521,-0.7840826777046422,0
2.139522358360997,0.1797643347786944,4.768748066440256,1
1.08376478691706,-0.11425780349536435,0.5799592459076591,0
-0.9338549835346763,0.7309995053597176,0.3145969239098381,0
0.3901616986285326,-0.5644239392366206,-0.5902039020235423,1
-0.8539484064649041,1.0866469011123818,-0.6797162445239491,0
1.599340342797134,-0.6575594751262603,2.1420946037308757,1
-0.6387511166451826,0.8909209787679936,-0.6868818792428353,0
2.18723159093858,0.27920795947841,4.571430507283175,1
0.911682555676243,0.523131313694451,0.9097011941817379,0
-0.8500123477632177,0.37487403749090226,0.38007829303210483,0
1.702383720399219,0.04500728500690778,3.1885769149993926,1
-0.8640117204203539,0.6003929472062949,-0.00935283716148727,0
0.6654711208553428,0.9610953019078681,-0.29542090438656093,0
2.1402899570815213,0.95850305565719,4.166662009910114,1
1.2573746403110024,-0.3763033470527136,0.5743112020495963,1
-0.6279671332452481,-0.004186057267417789,0.11541185794614223,0
2.2211069643295445,0.5312817415600741,4.853031102591288,1
1.52562675003616,-0.24155875071792698,2.1981204652624426,0
-0.6852668324610025,0.5733360640812202,0.27077744497494877,0
0.44937373121929447,-0.25915321525153473,-0.07661845401579478,1
-0.5383960459459695,0.9624111692806525,-0.6060585308503833,0
-0.2182499431197191,0.38736631108267083,-0.1569066536772637,0
0.25116558944106526,0.017030396716688073,0.47151784048788253,1
1.0083842413416924,-0.279630580688268,1.027692811685627,1
0.7886627494021172,1.0031668391846145,-0.2661938432188226,0
0.9238131744720519,-0.5448481578596308,0.412414328062233,1
0.5483564952706039,-0.9917299657104809,-0.8534956574080246,1
1.9429714798005762,-0.07985888838660893,3.6173653635272287,1
1.1366074255107603,-0.8097365758278633,0.7742613673251695,1
-1.1492091406225784,0.21108705832261565,1.1287793344120978,0
0.5104998507608239,-0.39712806841207754,0.20432059481986029,1
0.4980054771373479,-0.27864910432292483,0.8967544114447328,1
1.7563283196130612,0.41126832419817905,3.220441177987153,1
2.0468422307753555,0.15035321458837184,4.052848792289632,1
-0.8667717981691293,0.6919828825330774,0.6928779131399396,0
-1.1586297176917648,0.4162944652493247,1.0262953603637346,0
1.3329071370180436,-0.9922575123322276,0.07872287782164822,1
0.3616312796125697,1.1995448881422566,-1.6609609650950858,0
1.5722059221363676,-0.40378996199105,1.654007955836883,1
0.09854934627639417,0.4320361815272003,-0.29997300791155734,0
1.1232221243612601,0.35721041465354847,1.140475093034005,0
0.9065723181616738,1.0834180040734016,0.23483185580298682,0
-0.7688079780756125,-0.09364755835357848,0.6967204227845815,0
0.18959238764822972,-0.18588388486092797,-0.0752927302799366,1
-1.175697071791357,0.13812703899774473,1.6534764791307082,0
0.558345425223499,0.09005318518663952,-0.4702573204470091,0
0.19570739054152567,-0.38972605277100547,-0.031119918157897233,1
-0.1584849808343463,0.7196772163577719,-0.2230149887339698,0
1.4844713050487461,-0.47637608911817375,1.4592156912066567,1
-0.5792294278779639,0.7532826592264887,0.16838588055092824,0
1.171104456625403,-0.9259100719322046,0.6326499296454249,1
-0.8267395578921316,0.6676230289663938,0.09242701791213448,0
0.28085478573370704,0.07902744295678182,0.2941077270664388,1
-0.23196795287463515,0.7829325697364389,0.2355682226382837,0
-0.8625407360324275,0.737452774984718,0.2637931152531741,0
1.6695274684095982,-0.12141279402266802,2.859458106426889,0
-0.8018558361242552,1.1332417228972462,-0.8020403354276762,0
2.1545501898115864,0.4825504205861092,4.111786082696635,1
-0.6781294928973854,0.8168625054141069,0.08321279217633926,0
0.8608720446798768,-0.48698104118300906,0.20432080377152073,1
0.0690855754777926,-0.49270300800555195,-0.21293525433183386,1
0.5535264075828161,1.142982065006548,-1.167196623402886,0
-0.5778656491925884,0.8264928685207237,-0.18151881418760543,0
0.3378607203567502,0.43633121764065097,0.04054667172264091,0
0.7003684887442645,-0.19442153365034598,0.815855267769237,1
-0.5388190413006184,0.5489306685582243,-0.18950465921482296,0
0.6439525784942262,0.8251969457408093,-0.36073130326327757,0
1.916891737956467,-0.0015977625769365011,3.3319040816767047,1
0.3411545718737071,0.7054666067012031,-0.5367993322868165,0
1.6282397732893057,-0.3282032749981337,2.6755025421674072,1
1.145318109298683,-0.06356909909834046,1.5726585569532088,1
0.21398362672327553,0.7893837164671815,-0.9000955227800624,0
1.2128062550177425,0.058187439681496034,1.7718753061104549,0
0.3658918727372911,0.9523884425957212,-0.2986936324729685,0
0.47022460090769386,0.8844725569413735,-0.416478312555316,0
1.9274003208541508,-0.13087580550295025,4.354622054757961,1
-0.13716515080533964,0.8714307624266009,-1.011403514794206,0
1.5609794927743625,-0.2076262279766704,1.9579191801592897,1
-1.1401243817402749,0.4103039854941682,0.5089821582097479,0
-0.39339703235363094,0.07691078457448063,0.6724614653019956,1
1.0735167983685718,-0.4380509189627386,1.1895776884993294,1
-0.794998840396107,0.744785082869084,0.057863701748187224,0
-0.585469344518396,0.6081136547990673,0.0709611554296582,0
1.4591572531893542,-0.9547931073285159,0.8235888451786266,1
0.6981597887026054,0.4628577597386195,1.1292029776769024,0
1.3824402091533976,0.20893825449544665,1.9127131513838151,0
-0.9615273102640063,0.7286240011180922,0.4319300114899095,0
0.26411818149530175,0.6296648052732234,-0.07270103483883905,0
1.5605383963448147,-0.1987486695462483,2.5641322839278917,1
0.6475159169573841,0.8982630046058527,-0.3092401542326763,0
1.9791564592162108,-0.630104617511345,3.2433624016422713,1
0.5728793965523064,0.5108260892874847,0.23226143449498782,0
-0.9624334531076104,0.9957004589609362,0.5935673214518818,0
1.4245506970525201,-0.21128962424305076,2.455598399314294,1
0.6272230324862369,0.27654987396813935,0.8745442190132262,1
-0.9558003213158951,0.21766562324868477,0.6872504439324151,0
0.9200619908895579,0.23165332092174207,0.4464891188950819,0
1.0286385609325497,-0.35195812951468114,0.8901973420710368,1
-0.9315485620377323,0.5051743818434324,0.6320852866647158,0
0.24637192656070206,1.0116020170134212,-0.5796724831635582,0
0.2671748308978636,1.1194237053937937,-1.7740896623324556,0
1.2103150702249204,-0.7635563065782399,1.4171869477093657,1
0.7664092890777964,0.7359433389141754,-0.009532164210057786,0
2.0373093509014044,0.532748874113889,3.7173996539190886,1
-0.1317913375042583,-0.34899826202666046,-0.4586673615975268,1
1.3707646687270918,-0.658842609950312,0.8657223571913355,1
0.6251905943660931,0.22010474834035298,0.6305268834285287,0
1.6559558068473574,0.1459509028777161,2.7465492566966034,0
1.1423107663912186,0.4523991884952962,0.6487225463527218,0
0.8368434061547081,-0.09076336170610139,0.23879132837415545,1
-0.6953603843475301,0.11075748610182935,0.353734198640803,0
0.00037380426083415824,0.4916504514130765,0.34243750720623106,1
2.086336084234233,-0.31620120200228374,4.161958083252881,1
2.4734088448225964,0.26226916067813266,5.522866167412501,1
-0.5825800035435383,0.8468348443542724,-0.463739865513816,0
-0.8756045445941132,0.447497061120626,0.4709764493905825,0
1.2784356830656414,-0.0073478685973789315,0.6904334795330389,0
-0.17448179262872318,0.01949436933267773,0.01106066224201964,1
-0.04928814220179942,0.3115742791080719,-0.17547629601304715,1
0.43004723971055014,-0.03648710548608031,0.4272815472006074,1
1.5763079978220143,-0.530612980929481,2.850331401697648,1
-0.16747061299438432,1.2354056932661648,-1.1038830603960232,0
0.8341175244282579,-0.3376654060585129,0.4876230764154744,1
1.5254678593794797,-0.14388071463823537,1.919066461895418,1
-0.6291304598496082,0.8996223895606409,0.48716062284923306,0
-1.1345679753770361,0.28113381650837616,1.2289347198716525,0
0.13735208979505784,0.8456071331097983,-0.6913105748255712,0
0.35860620428818396,-0.2777720854446684,0.04299729781319742,1
1.41252677948024,-0.2621740892741706,1.9958263159308274,1
-0.8031883818347175,0.6714453955957537,0.143746513274154,0
-0.11643496634086575,0.8779353849754508,-0.9579951412132771,0
0.21639634346932743,-0.15329543095536272,-0.16807274111903248,1
0.5630318820945202,0.6200660496144115,-0.07894065020512357,0
0.7460396858069961,-0.09659287930418434,0.357046358569911,0
1.469864903275183,-0.6252984942144475,1.5200086030763,1
0.5277226649705135,-0.2259472764372029,0.2646896190863549,1
-1.0693777433176783,0.17931770577289619,1.022171892202256,0
0.5640596568644873,0.2813694884842145,0.7653920534561556,0
0.16345453776894409,0.9954015457554938,-1.8919462843127213,0
1.5123963103907523,0.42233855457694747,2.4910001431742774,1
-0.10114537593051343,1.077408417533794,-0.714448693726379,0
0.6999655908129857,-0.20237247193836805,-0.27668937041912567,1
0.19528695079103525,0.6135647458944032,-0.4582653621833255,0
0.7670268325269037,-0.4502213315746755,0.25562661131285397,1
1.2887344526453433,-0.12949540820435357,1.1514383355378428,1
1.000025319761057,-0.3376630964612847,0.6137984327945749,1
0.2507454431748276,0.25379365074820515,-0.3902394858002013,1
0.33022799784971985,-0.4083133478984153,0.5556253956900901,1
-1.147740948815406,0.49183667493433103,1.4028934083788411,0
0.4343547926706869,-0.5012465856037492,0.3824602295845342,1
1.0811873102875962,-0.7368695953476667,0.8785744217942251,1
-0.8882389379474505,0.6854807562920624,-0.07608357628675327,0
-0.23218895018712438,0.6239356332210577,-0.5189660590118841,0
-0.13824093522080283,0.39810790545826946,0.03190174821212313,1
0.9920339709767872,-0.6925663988931106,0.0767384495840211,1
1.5140409951257643,-0.565374452311444,2.222221314155285,1
-0.12885442323706053,0.7566900576749562,-0.6400902703517203,0
-0.5962862608554341,1.067165786333641,-0.9144727932785026,0
0.8690607670570356,0.5674529375504148,0.6820997693743901,0
1.901096729394582,0.5976494146694878,3.412476110680109,1
1.1967828424356621,-0.8127453435786692,0.6453960204028957,1
-0.7376415087667068,0.292109182876401,0.8645526519123916,0
1.2638185030806093,-0.45931358633737074,1.0078960734748506,1
-0.26032790064039,0.6808039244366308,-0.18014590524599267,1
0.8773457843648047,0.49173652427594877,0.7355162563246379,0
-0.6875111081560357,0.8509925853176215,-0.35985811018752567,0
0.10199500793803377,0.46351134848408493,-0.09029323074451395,1
-0.7079098433089859,0.4832453019986379,-0.17027942738485785,1
0.5326510467496777,0.39765073563085485,0.4490004867781826,0
1.613298623222976,-0.11842743409013379,2.523991642792931,1
-0.5541693300668928,0.42526669158945263,-0.056701169770313614,0
0.7726919116241301,-0.3711247476875592,0.8264724409861091,1
1.0458906575980749,0.03559444467245232,0.8461000114694276,1
1.4256767924464073,-0.2782193333197837,1.4621868653601258,1
1.2410716098683183,0.4582233270195992,0.7854699126628623,0
-0.6702856698254154,0.7701429568921327,0.06826618809372226,0
0.6274770172197033,-0.02017572437674464,-0.05482992608888965,1
-0.7046970201308989,-0.11345083112983886,1.0979047627918448,0
1.3628365474995303,0.028149630190072716,1.1278557607612991,0
0.6884022984810589,0.7310449918848633,0.5332306732955785,0
-0.7933164791356062,0.46593453215889613,0.4861121613309017,0
-1.4286951977596374,0.1500910297411868,1.9847930617380423,0
-0.211700289432768,0.7020540101029585,-0.6387845009388596,0
0.4791610946933361,-1.0443129948923646,-0.7212966366101189,1
-0.4211002151571288,0.18539518030848323,0.12978187247506826,0
0.09000781223769437,0.04906348431171074,0.3918498394767931,1
-0.8241676488640024,0.27405607998262743,0.6441252554902872,0
2.424034208211177,0.16112308518341953,5.902586810510622,1
0.3377771149604415,-0.059305309248325166,-0.016688014588889716,1
0.1371676393952449,0.43687864671410787,-0.19197895895985995,1
1.6650775343982969,-0.14121472620759173,2.860272215772247,1
2.2379465308857815,0.1941061917243983,4.372168524008137,1
1.0999389706157863,-0.20420729785471387,0.6963002208451923,1
1.895517931669881,-0.5992033148119129,3.4940860497084287,1
0.3886147353700764,1.144501860582049,-1.0990601929842376,0
-0.7534880770606412,0.7486448929648528,-0.05711906121325076,0
0.8979498425634361,0.03368380902477362,0.8116311973421698,0
0.8220834461140676,-0.699219755475424,0.30856652280425423,1
0.28972817437513265,0.96486597692998,-1.035939826518574,0
-0.17308706477159222,0.4530027747238615,-0.44765903580708166,1
1.855149023676983,-0.1801571387345871,3.477667144696819,1
0.4053227077369844,-0.5020781313266215,-0.4302264247144525,1
0.22983348412816948,0.7690714857976173,-0.395759055340396,0
0.6754550869978702,0.5583085819137611,-0.4513731595704986,0
0.9665197349462646,0.8494588683083689,0.5727845021568381,0
-0.836056791636533,0.30537715470123517,0.771144871072716,0
0.6688189227810356,0.5096548826114369,0.2771810591101638,0
-0.5845138615712073,1.1685559422776448,-0.6799246914825801,0
0.3932105691455792,-0.2015332406998297,0.6969149601427166,1
1.7836593664914089,-0.486670871730472,3.2996217210379823,1
1.9778857201279743,0.20965752993479897,3.223769661061718,1
-0.2706063060610541,0.4033846107998525,-0.537343309707635,1
1.5527108733082597,-0.19343080717161618,2.154809076733148,1
-0.2098670667474108,0.5709455269696481,-0.2728027414876952,0
-0.7687762279230912,0.8276049304549677,0.08726762487047765,0
1.5273689599060303,-0.6028390767291651,1.7154306526490437,1
0.9662270049164299,0.4342227539311291,0.8104135925652182,0
0.34385909214653043,0.8538754319786006,-0.8752482044084686,0
0.978654718194864,-0.8076195651745457,0.09148446434516469,1
1.229698146180224,-0.40027180797740985,0.8596086265606977,1
0.8953753040200477,0.5516090676145842,0.17429273543554552,0
0.949097720901047,-0.9028247872930042,-0.38739572469681316,1
0.7579146642763522,0.3883927539307418,0.0820300684771636,0
1.0118440946285188,-0.48923921957437555,1.1532480866776067,1
0.2183808564717914,0.8514110077348462,-1.0095001167098934,0
0.1307681595190421,0.1605343316422304,0.9126627626012667,1
0.8810427094627896,0.12035061963093824,0.9344132495602939,0
-0.8887227317442645,0.9690549546587618,-0.084546767936501,0
0.8315572678139611,-0.06242975173203147,0.38716479268947196,1
0.7529907356017868,0.41827322261314653,0.63715101694008,0
0.9220405609339142,0.7738528202894219,0.049837369354213956,0
1.834337002907858,-0.2853457907367237,3.3260734550716937,1
-0.8378827526970477,-0.21786379138292955,1.5506124640655155,0
-0.8688695926283284,0.4480085253617385,0.5206017652936904,0
0.25979076095433373,0.16421227655228898,0.44277123190673284,1
0.5135655160197384,0.6155971115481325,-0.36132201329584424,0
0.1439815118764577,0.8672044574252565,-0.7435588668899397,0
0.12787509291778812,1.0298012094044735,-0.42435826902975493,0
-1.0218771180380624,0.1626192939503049,0.7983493393791616,0
1.6420462273219776,-0.1090688027430401,3.3187768042294645,1
-0.9161968657687233,0.24585504558309365,1.0266851708151834,0
0.8426912426711881,0.722774604138487,-0.009137969475829066,0
0.31675936776738495,0.15909403630866717,0.29636829334884224,1
2.031163985448569,-0.2636135276704652,4.396529101181803,1
0.6384984087973442,-0.5192411285021332,0.3557023552845904,1
-1.0752130284231345,0.2911946012702171,0.5217101087202678,0
-0.36662743966659794,0.33593063650148214,-0.23293172456251,1
0.48840318501682906,-0.372394477938681,0.013228501492333511,1
1.14490677513027,0.1478293449177523,1.2629063083353667,1
0.8907519951794073,0.189426889494419,0.9747918045953012,1
0.5882021716953049,0.853247510038569,-0.31985416827330626,0
1.01538856626953,0.49890212801811007,0.31474008162135747,0
-0.43671675640207197,0.5124244510908803,0.06121195509864383,0
0.16745173795827895,-1.0378970164794397,-0.835485121422336,1
1.568586949192768,-0.7159883477479911,2.143752359842841,1
0.817966091869426,0.03796160218316613,1.045900698151947,0
-0.09143410506431794,0.5952365198382334,-0.05407356488810261,1
0.4420474774035919,-0.15058303031923823,0.3334437509887073,1
1.6777928859061555,-0.5246154785201126,2.515209568683893,1
-0.076819709958564,0.4499315355300789,-0.7778734455569337,1
1.2723732689183755,-0.31476632426206685,1.6702222732649852,1
0.8744781586275031,-0.38798536984277615,0.6868700932116015,1
0.879527892710122,0.7864131565152239,0.25017625433325047,0
-0.12641713033602056,-0.09918890923370738,-0.4407191504096865,1
-0.18393108219635926,0.29470693481338084,-0.4313913235720663,0
-0.018419899042299848,0.730585133389283,-0.16481184578219166,0
-0.21616674663589142,0.028265851681125442,0.03208480013005703,1
1.27538168052071,0.44406278213690137,1.6679319206090844,0
-0.31964025796029183,1.2498949856165622,-1.450156148914843,0
0.11858056804027717,-0.5874380685219747,-0.3206074844085625,1
0.7369436145500221,0.9984403506956436,-0.12539791077958912,0
0.7452219712172783,0.2259434308607507,0.3236896975597583,0
1.3647129193744187,-0.4090482606749716,1.7287631446755733,0
-0.14464554474324193,0.457659121608503,-0.3503258890241622,1
1.9075665649015305,-0.29367860949780106,3.400489394252353,1
1.0831163948861753,0.1270116667560069,1.0487989181650625,0
0.33238558358282533,1.0080599970567703,-0.827957961420601,0
1.4495083934117694,0.16604304480157817,1.9059422722619728,1
-0.44095407917385687,0.9307426802342077,-0.23232679291876024,0
1.3746027624705368,-0.6695525307696653,1.128119607354741,1
-0.1552795849163533,-0.2767849415256999,-0.11790322982006579,1
0.9935600091725243,-0.21200827318815127,0.7883081135307235,1
0.31576609233279607,0.022090994980330382,0.6056624725317095,1
0.2482669541435562,1.230761958674193,-1.3843443466207659,0
-0.32160015856281604,1.1455557478188978,-0.8477257205592634,0
0.6912143653466334,-0.3495986401430206,-0.1643880408912402,1
-0.3955238582302382,0.6919415028662081,-0.22887632790517254,0
0.974434502865124,0.9387099108946103,0.3797170820304371,0
0.9542770039680385,0.6274543320605765,0.54574505772703,0
1.1549570069937647,-0.17699618591747374,1.675516169447535,1
-0.8778705219655184,-0.0029404619720967695,0.5895970494842722,0
-0.05148309447250082,0.37402902193486315,0.356024403831867,1
0.04073551010520738,0.28430387736413043,0.7254450303659905,1
1.159345479795584,0.008881919506475433,1.2170095568744528,0
0.25882237401167046,0.216134170625,-0.1356508409129897,1
0.9517808126620223,-0.3542877712983713,1.2890514574512077,1
-0.3364113925994563,1.028147407493305,-0.3910642154587495,0
2.030681109107867,0.6026760659087412,3.5774463169646764,1
0.48615842398330394,0.6078208588392002,-0.2801615692136431,0
-1.0590102089618723,0.3730985635786877,0.8836754714398106,0
0.13252921847164723,0.4280597113947565,-0.6362288016326536,1
-0.6608331372773759,1.0599218986385732,-1.0082621771592082,0
2.2489329523657946,0.744752572223039,4.151593762040673,1
1.2128485208003121,-0.6406624098312657,0.7918240632502558,1
-0.35792789910417844,0.7187773197255309,-0.4006681649800606,0
1.3074842362582535,-0.27928882546794126,1.7134879364203486,0
0.3999229464112501,-0.14355381421273458,0.6820058379761582,1
0.811897558486732,0.14464747269373343,0.28883083986145514,0
0.43837655553661803,-0.18962521317999045,0.500729122437397,1
-0.4275788838333978,0.3089167101920571,0.012498072585402795,0
0.520794555164351,-0.4694047318320845,0.03357386804413161,1
1.9149890681159039,-0.1644933547670461,3.876311889499212,1
-0.18759464147791388,1.1318820003172176,-1.6389178206776833,0
0.28431987532229996,-0.27759897974666303,0.13762000911131766,1
-0.5675105998067338,0.19577767412811098,0.3419976560805556,0
0.25057509009850576,-0.36904047574299276,0.09895494544411204,1
1.6463455147500434,-0.5513794689237983,2.507643260554632,1
0.6285959378906476,-0.4798580305704117,1.0242241725985217,1
1.3586049591259641,0.0446427392592004,1.6206054663051372,0
0.44685778887385613,1.2196639093402089,-1.4737471025204456,0
0.004896923406506937,0.5441149915411352,-0.5141363284096279,0
0.34051698590301593,-0.5575345122325713,-0.3893099063480256,1
1.3866931271048903,-0.09924482155390624,1.6899827995973917,1
2.0392927752327155,-0.4185693764123323,4.399670486133785,1
0.4525024475541285,-0.22308215403164305,0.6521693043915282,1
1.9760609689277784,0.4678333383516816,3.486187717634195,1
-0.7888146759258208,0.34226320385687387,0.21376004165510565,0
1.0658165946066425,1.0346305089089713,0.2305001681089044,0
0.3172723838475225,0.5554359927471948,-0.40112544198511213,1
-0.3413402764923654,0.4120426838831598,0.1682601472286757,1
0.9224308376149242,-0.854539308101,0.1916642783911897,1
0.011784571293728556,1.0670501333281415,-1.6689675511640587,0
0.4246629607681809,0.5504381145557637,0.41898333275821503,1
1.7838585681804247,0.9238471146129907,2.9572150856753985,1
0.1086797765900943,0.004858114041764061,-0.20268834910190514,1
0.7744899372334799,-0.8955056744867351,-0.3377912961396172,1
-1.0150896597704475,0.28106478186754646,1.0514624925203482,0
1.8608320675732315,0.3156127414264659,3.4801444576535974,1
0.020862766735175148,-0.18158387501135764,0.1979530468071966,1
0.5447260874110953,-0.2978108019108806,0.9116068251396208,1
0.5946615722330235,-0.02070917947949248,0.2912619857530203,0
1.2056152770829855,0.4947975797206251,0.9292795158500369,0
-0.11378082321431585,0.9713563831686542,-1.4133488771962464,0
0.6233373033519046,1.2954798869206448,-1.5455442576455738,0
1.4280544229566225,-0.717398035572469,1.5130850529769055,1
2.084299368353014,0.5372831075061657,4.683725971536516,1
0.3685941856570087,0.621944687697086,-0.4321174755171324,0
1.2498099350804144,0.49203356693102096,1.3982536259124605,0
2.394461175318493,0.6133327011105381,5.351519304230607,1
1.0416913746370842,-0.38504877984199504,1.3527960028423183,1
-0.3496098016645624,0.5202305145135631,0.7360135742446556,1
0.940766706028519,0.9802757006723833,-0.2617025246790945,0
0.030717159460038973,1.4279533535341362,-2.20941104086547,0
-0.9038623742979752,0.3594246796223134,1.0532373983241456,0
-0.21317712756292198,1.1594390225627433,-1.0601923379560623,0
1.2228862117242918,-0.1867138337634888,2.1069361951143417,1
1.6219007901630023,-0.4752514274645855,2.6090731186883325,1
0.5486348047897915,-0.025167476071781963,0.17461451539943815,1
2.5038245106174055,0.06325301384891596,6.471865426949828,1
-0.7012600312875109,0.16260143023653978,0.8533726595704101,0
-0.7749875978636735,0.4196918193066417,0.7116333170686655,0
1.106859023948179,0.27988981052371054,1.3243445037480712,0
-0.9188014072616327,0.1579035911388526,1.1925986232476147,0
0.5071182512590703,0.7344996619846197,0.12693262396052246,0
1.8932440898645524,-0.22319031067922615,4.0183149158891025,1
0.6870904973651867,0.6873310199584446,0.22671788122879877,0
1.4337871969990568,-0.1707451996361066,1.9681004749687392,0
-1.070179024246101,0.322234534665774,1.0927978388567319,0
1.1041548304838171,-0.010618685690940183,1.6413232714728687,0
0.5727642529293264,0.8836391146822525,-0.7386866804082781,0
-1.135203777996479,0.35689961425371447,1.2903459410285443,0
-1.1564676496859077,0.14717502128426108,1.1780883535654483,0
1.4202676346254293,-0.8334624787884728,1.3325611384434723,1
0.6643520390625066,-0.3464745870874407,0.7687771442216522,1
0.8959717045937059,-0.5472090896553857,0.5702121814380412,1
1.2570524644629903,-0.15424554758715198,1.5726420013166693,1
-1.0978606399132467,0.2435424723236589,0.6700353995022316,0
2.1083747108409776,0.138430154106713,4.687269761857294,1
0.3526492418454351,0.4611914513495602,0.13758339637562284,0
1.2779963548752145,-0.2744972623170217,2.315065089211706,1
0.5923555376145696,-0.14719868910361886,0.22149524663527165,1
1.249392546384903,-0.43745380950903,1.4463185141905677,1
0.28351524597551503,1.322356622960183,-1.5809618542873385,0
0.7149611067230812,0.22569577590208004,1.0123394487838673,0
-0.1552982615186444,1.1294855552568979,-1.2849735058387028,0
1.7065582220438014,0.42671273599236936,2.8279147401868254,1
-0.6322227510172939,1.1872065789480257,-0.796990075792811,0
1.9156944383129535,0.4391969871679495,3.5423043805505037,1
-0.5267838659367128,0.8713519513930587,-0.6380047468779476,0
0.387822871870836,0.5506115137328101,-0.0848349615945861,0
0.6268243627157012,0.34280415594396535,0.6511652048124106,0
0.028247630095028488,-0.002270620010134311,-0.3584875819031159,1
0.1058707137666639,-0.37894207927434254,-0.08584910545989262,1
2.023176739659409,0.5117739557580757,3.5862892528778976,1
-0.9038924391393706,1.2778389109265267,-0.39758442062087623,0
-0.44100513588199963,0.047539409636150776,-0.340889882268574,0
1.1798277269523387,-0.23198620597288488,1.1425532189787726,1
1.9956585186488125,0.08144288879546374,4.108044135192805,1
0.356114274253243,-0.0009297462778278948,0.674749922130792,1
1.123169061085589,0.7218448598843813,0.7174361466628357,0
1.610600428359949,-0.5659344281611655,2.0794321285125266,1
1.9081556371988728,0.1770972942263676,4.268099458455742,1
0.6338862234855535,0.6492681902158137,-0.5265423036470265,0
1.7627020162416809,-0.2943823431822415,2.250875349267991,1
1.8669695830802497,0.10828091232388079,3.627855725691816,1
1.0850207193071562,-0.08942667136605101,0.993553853250793,1
-0.8873271625327867,0.29124087576996815,0.34509675965347875,0
1.5883610205430014,-0.25707838719616183,2.7047261909717992,1
1.1164427511070596,-0.2110253085906883,1.2872429854536243,1
2.3071523636680493,0.4439629224160744,4.928421431940991,1
1.9227395716452254,0.030379939539069714,3.2478979801092542,1
-0.01993917857226213,-0.41361560060735064,0.13467977067440778,1
-1.0542318165510014,0.4622412374025868,1.125308173758481,0
0.7515225599708277,0.669677200136715,0.08160705343937256,0
0.06420801024995189,0.3484710120565301,0.5290135709532386,1
1.9537988203291423,0.31496185114112263,3.3435991944311523,1
0.5913234394932064,0.9862208215890259,-1.156901908665316,0
0.723863083439214,-0.40537037707974555,0.11748479649391586,1
0.1957245831629078,-0.16321653957667862,-0.004286632061515715,1
1.4903472551816637,-0.5082376592692426,2.047998229990982,1
0.8085724696827881,-0.15650075489923415,0.5448643321951777,1
0.7069329577913843,-0.671900919315946,0.1715227502140657,1
0.7571699814210335,-0.8652216443313381,-0.6133409115209516,1
1.9532932678917148,0.34035299962345467,4.204832037464052,1
1.1391356613065449,0.6446900301311047,0.8532519074724555,0
1.722527358817776,-0.17443575168186562,3.3277262114667705,1
1.459824348200373,0.16858593449542214,2.2226197815211455,1
-0.8235155933129102,0.8329436388378589,0.14424645365288546,0
1.1844234878810957,0.6534955185831439,1.1752211539174393,0
0.5637936918296114,1.0826330614098076,-0.6975330227046492,0
1.1474808267224903,-0.38680875910717316,1.3920441975273392,1
1.0169267019036787,-0.08627560119442884,1.4918998232295841,1
0.677442275674787,0.6465214238309891,0.10972049479449918,0
-0.5572574676178489,0.7742756747889677,-0.04081562019807414,0
-0.49751094547685576,0.8644401775425155,-0.53114717268099,0
0.14326350628934384,0.7348878245241277,-0.015494656992172784,1
-0.8016446457062674,0.1457764775895925,0.38464605085035364,0
2.211985621469326,0.11134534862396339,5.510811754445634,1
1.078994410655605,-0.7990548544987122,0.5116849950025583,1
-0.1765022863690806,0.364598461259913,-0.6025502666009002,1
0.6538979656002715,0.33237175922596135,0.3619481083039896,0
0.772092953641334,0.102558670991825,0.3472411679507815,0
0.9151178064029033,0.672541762649493,0.6793534192340281,0
-0.8596544229965333,0.864011753128633,-0.2359289753227481,0
2.0539028101361634,0.32250576402191533,3.958342584032697,1
0.7553012068052839,0.7793761484043185,-0.6982865235309678,0
2.2195360985683736,0.3148533005215466,4.668900680261629,1
0.2775627819579513,-0.07416225475430399,-0.7768167064221398,1
1.8821797416922998,-0.027520599521426756,2.9874772084188708,1
-0.00883107151074164,1.2142521349325288,-1.208185129713672,0
0.7947696750763613,-0.11044643520287524,0.8944904768997533,0
0.4186549262876235,0.9158623504057528,-0.5146217509611168,0
0.6007458065480427,0.3421591152430682,-0.09461898615408543,0
-0.45610298946128375,0.831129591288295,-0.4994454351692213,0
0.21371743347122069,0.42558359207424395,-0.13670714115498978,1
0.00411343759101182,1.32909214928114,-2.171896662129335,0
-0.13337458403597302,0.9832346188438373,-0.42277213040771455,0
0.8984851499096618,-0.37694599302200293,0.9722640846543286,1
1.5679465786729847,-0.1949983505357199,2.3430946560202845,1
0.5890700254070563,-0.20360845178509296,0.3149571368428332,1
-0.8215513124365514,0.07326021208806005,0.7425134830726761,0
-0.1100204261078655,0.5408206333517314,-0.9949896672465133,1
1.7818597337504642,0.24686504836119139,3.027569674776693,1
1.9225867114733886,-0.477589316391721,3.229553621203318,1
2.052312095034962,0.2994869585819762,3.7717254936028914,1
0.17107760392437948,0.8547738819442481,-0.7997559451996167,0
0.3050743080826549,0.2981845926611697,0.6333465665489357,1
-0.43989827854901165,1.160047439195587,-0.9279045642704018,0
1.1520283176206507,-0.21886810632020798,1.079353350211694,1
-0.23134697007268035,0.9824785297929621,-0.7113386674676752,0
0.9740318532403662,1.213045595680006,-0.0329671632666973,0
1.4780668081203543,-0.3890181460162943,2.3569681603566064,1
-0.37776249862392197,1.0566029845149008,-0.952834732047146,0
1.714075051056907,-0.5853664461453517,2.3689715321859484,1
1.1044699499310062,-0.5348322377920232,1.1781865074837328,1
0.5809353830110611,-0.26395445460134026,0.40553385002792963,1
-0.029695091206986178,0.4318666636621812,0.127690610268794,1
1.6309236857226246,0.48286907627579656,2.6490596544163187,1
2.235260802005273,0.34281239927013396,5.246213962249679,1
-0.7942065191102236,0.6535154184551462,0.016349268792374277,0
0.004310556746247855,0.13360597681026903,0.44325594683205044,1
1.4824927729480757,-0.18993689330806407,2.2308686600460956,1
1.2884917039490635,-0.5289421802393205,2.106772346528078,1
-0.8349293522337834,0.23064028427417682,0.4026963461601033,0
0.8684677499644573,-0.14277655145476242,1.34143842019085,1
-0.1660671791913197,0.17146282789005232,0.0674475808684349,1
1.9125014991657687,-0.33987915610164754,3.3141478422938877,1
0.41573143575403154,0.7902083017322855,-0.6209565753715268,0
0.6214502869349678,1.1480509455498065,-1.043942072314263,0
2.2295659124252043,0.4876804342652557,4.881590033123956,1
1.4527265007955585,-0.11403758237971773,2.280402136731122,1
-0.02474716953628317,1.0966031037966588,-1.4027209462349108,0
-0.7571281810807542,1.6244347023775383,-2.0740691269930935,0
0.8886627626047241,-0.5645196954938978,1.2208336445538892,1
0.868279219758004,-0.32472624252542526,1.253101780414136,1
1.9614060594483331,0.3080300722893732,3.9049444889919527,1
-0.3872709628606565,0.4737020786665134,-0.06111364329908559,1
-0.9580765814539329,0.6170687618951399,0.5791478433750452,0
0.7936307305288636,0.8933100239786649,0.046578227954660656,0
0.0838657398635172,0.6578491829702293,-0.783709483031185,1
0.83888908987674,0.5963590353118566,0.25800901801796616,0
0.2559268284838523,-0.15875761193210625,-0.5437098636657384,1
1.1906583875490164,-0.16102555126184792,1.5314662605934894,1
0.584226369708248,0.8776420280064756,-0.20241649936488143,0
1.211694082734992,-0.5262863318468974,1.0221099852413502,1
0.06170466691460064,0.8730684282045132,-0.20754564725694602,0
0.11985088767275238,1.0765314941388482,-1.5735738046476935,0
1.668703214858303,-0.09425701658529853,2.263154826029437,1
-0.6679255502927159,0.6880547571481714,0.05126332839558846,0
0.3697067298356201,0.5393531195632367,0.21226568441740715,0
0.06381134825547202,0.7563753321926601,0.021342937026878284,0
0.5149565427090623,-0.18035143868698122,0.07204410743827738,1
0.023191804185277554,0.7705947942553026,-0.21574018545105056,0
1.8555132796619793,0.045448331906757844,3.4273860158036005,1
-0.08650035439304266,0.6187509325044642,-0.43578996014430893,0
0.6687721827854217,-0.3886451818815515,0.6054921331881686,1
0.630064718347845,0.8171289898544976,-0.04240522930918533,0
-0.456494063895085,0.24909340883657363,-0.40539795089886166,1
1.3379933654857163,0.07579155678395533,2.3012710084081216,0
0.8914835279983772,0.28845222929707875,1.194570166057587,0
-0.1622108617495538,0.012860522969928484,-0.19279997490986248,1
0.9102364954576613,-0.268402717701792,0.8950216954964303,1
1.5936401047035473,-0.09902958755451437,2.702792489307275,1
-1.1473004216416656,0.6385807591688771,0.9997486895568115,0
-0.24237197195895382,-0.4049274793260832,-0.29782889456800066,1
2.135336742568832,0.8945563470567677,3.5243637673266037,1
0.19071445020762615,1.1662135912815967,-1.3326260638189278,0
-0.07200902297602253,0.45237629538117663,0.21099614350794138,1
0.4649676364751845,-0.006836402822398495,0.40640822067382054,1
1.0750559419664865,-0.5534206046589527,0.7197558964662316,1
0.4356837464380814,0.3401790716921091,0.3441930748199379,1
-0.8171382801086238,-0.03427540781148508,-0.3304497519822902,1
1.883124373138482,0.6126311570408897,3.572908465261177,1
1.815104354422933,0.29495981194335974,2.5987027042110955,1
0.3474149618747532,-0.8446026739238852,-0.7195108505560368,1
-0.0951683079984686,0.35240841834888625,-0.5070191495950226,1
1.6218752077345133,-0.6446998073006169,1.7617028314281011,1
-1.0624762622652002,0.8947850454243305,0.7345049059444912,0
-0.2194288868098045,0.2530212846867612,-0.17956615459711103,1
-1.517519568687142,0.33107613677597403,2.3145305916116565,0
-1.1467097976742429,0.4838111018525519,1.0644479751986082,0
1.4194440067435188,-0.09732634345066729,2.1723131606787094,1
-1.1796671290199074,0.12576229243706333,1.402686042962135,0
0.3969295739379396,-0.3081834370277884,-0.3864712226577059,1
1.9857444519831902,-0.0024016519976994,4.291868647456202,1
-0.8066829779668381,0.6785060128236038,0.01755221339720245,0
0.790915956055595,0.22887593243546328,0.028360192564220177,0
1.4576733703127382,-0.008068810055848918,1.974906242485111,1
-0.9531849652220542,-0.023534198225692193,1.4332736461612514,0
0.3651338058218589,-0.06071023414592108,0.4272145733636249,1
0.9397342416852769,-0.72619196692982,0.23371742511965077,1
0.7848368201099862,-0.6682137717091465,0.047218992987141384,1
1.574016947709692,-0.11284384866226671,2.3522233495703384,1
0.5450092462302469,0.9759571796571117,0.07140445619849234,0
-0.12782515016422802,1.056833602950297,-0.9668805870293546,0
0.43903579962755535,-0.6467563739163897,-0.07502679732999562,1
0.6672602873081066,-0.5534810617271494,0.4994942142390292,1
-0.2820822079414461,0.8652462702510145,-0.5855045304868907,0
0.1916023025516265,-0.44795503165209405,-0.2546170190765896,1
1.8481934600022567,0.22174007025196493,3.297927959660025,1
2.0218302381326465,-0.3328062647093956,3.951977061202771,1
0.012977595790824829,-0.021986942550619726,-0.013342790428658775,1
0.48677800572230095,0.08685408368336861,0.4840795352754458,1
1.6049238575467066,-0.5414133709680933,2.300833210292122,1
0.05747067401698916,-0.38712881742123745,0.10985818411945392,1
0.6957738570160424,0.13367912398630116,0.4379803488792316,1
0.8761130734534035,0.7133329790772318,0.2862524950474021,0
0.35710154656085236,-0.37670286446144263,-0.713753773123541,1
-0.515884611435009,0.7199807807081423,0.06847929387221258,0
-0.5734500264739629,0.43241247222958373,0.2631353532875857,0
1.3947149665408571,-0.19739858759335094,2.2555671739600927,1
1.7939860978205333,-0.4050093194209381,2.0406641879877414,1
0.9504542622815659,-0.6246195543391028,1.2441448636996708,1
0.7145574782215542,-0.42864311067563443,0.278001103498352,1
0.8557644684791976,0.7131605918576669,0.6115987815908366,0
0.8442929996004152,0.5347912278870148,0.06286193725542982,0
1.902087720233436,-0.48015560656985423,3.601859155714265,1
1.1637897148070824,0.2367210361164736,0.9296742042399136,0
1.4179856979007746,-0.3576037140536002,1.6644838869026861,1
0.7399540175494712,0.9687601568478522,0.27894668044510307,0
-0.5758601469384297,0.6152640497099958,-0.11367378230076568,0
0.18662888931449553,1.0471429506845376,-0.9855765112286546,0
-0.40850046175457433,0.4474495806767017,0.2711852057470082,0
-0.754749112296598,1.1737642660035343,-0.6345876688439014,0
-0.9164907380393222,0.17005506885739147,0.8636831632680212,0
1.5887892054541595,-0.30381148702758354,2.5596860705809266,1
0.2780428171970353,0.5155809630672404,0.652679533550917,1
-1.18746467935271,0.0827373730851364,1.3830603128434502,0
0.9170439993687787,0.12955780170246312,0.8945691391465485,0
0.7922612873234847,-0.23948431666485748,0.9380542480656955,0
1.6425305839821023,-0.4390186093048245,2.892103456535938,1
-1.120474754268468,0.6067886302132748,1.3027318401430146,0
-0.4187786412495454,1.0355456202463886,-0.6734236035344476,0
0.1441292615618585,0.8333930224438988,-1.0738224052754792,0
0.8626084973682786,-0.3475673882566595,1.1949913666577876,1
0.6302573791305075,1.1096310662743976,-1.235277626849341,0
0.6774650467079921,-0.30074615706128255,0.4744330513575939,1
1.940560138607248,0.0734737303769955,3.496378714989095,1
1.0463386467662488,-0.773003679596526,0.4748414537393087,1
-0.6222579292260465,0.5923253921165306,0.15142240394490394,0
0.12098391649081729,0.06409605510171273,0.12300382917745081,1
-0.252503730013578,1.2307141173563183,-1.303226841007022,0
1.4481269763716171,-0.4422572758126666,2.4662791858564876,1
-0.9371331357557686,0.2142675519204813,0.9910449358553366,0
0.62851447836015,0.0247741524427732,0.3089618685273466,1
0.1436167660766331,0.5245750705570187,0.08287727974933423,0
1.6752759749357682,-0.7833638507949414,2.6092053405883338,1
0.19167313338061615,0.8099161432371434,-1.0488883043141328,0
0.6948897853612894,0.49540764465649323,0.4465331038628149,0
0.15094610861576024,0.05266831516208917,0.26542123609304213,1
-0.2945061945143371,1.1744858716337752,-1.3968303902360293,0
0.6170668414602645,0.19266367612999585,0.82514957938889,1
1.8791768431525187,0.3558893214553795,3.3521289432533106,1
-0.8674638761858904,0.30396898109837944,0.7040481937325025,0
1.639279717205154,-0.5317577164728433,2.343896583712443,1
1.3546804400488717,-0.31536586243152515,1.7411561341173387,1
1.9156480886649732,-0.1477486096688351,3.2641816675333706,1
0.5814186866535327,1.3998622214322094,-2.125584358711204,0
0.5480602548676216,0.322938356107756,0.7541576332487226,0
0.3759592301663018,-0.1816197529013615,-0.18807686380812802,1
-0.9959307936307386,0.42284128912053026,0.46609606760713346,0
2.028856259119293,0.3407743176702342,3.2464440448226175,1
0.5081167891731913,0.40087750272120865,-0.12615671243964513,0
0.6327801462175582,-0.3366157636427512,-0.17598088657830263,1
-1.4495853832211139,0.43969993131020085,2.4826670597018374,0
0.504017774703967,-0.18911196891924403,0.5717065616989476,1
-0.23905198711311298,0.8711499933681484,-0.9426090792148002,0
1.2860674005874075,-0.06152333188615722,2.438536770357785,0
-0.3507193269664619,0.8375299953459224,-0.23483452634927482,0
-0.01706940565983452,0.2871573874217972,-0.19585898476935,1
-0.13452023153328374,0.8803673094357033,-1.6317429070370415,0
0.5054563717392806,0.43939592851139275,0.8642472621462085,0
0.8140905489615388,-0.33628613342493846,0.06330469500734548,1
0.7964513795088213,-0.4543799288159193,-0.1480158812241676,0
0.13165225931116836,0.21437522479944132,0.3292752315772982,1
2.0562958103303646,0.7554658013722244,4.511537224757979,1
0.6417067825202185,-0.564615521240805,0.5774923943851065,1
-1.2680608381739793,0.1147338831112918,1.7921826173950253,0
2.028599848555816,0.36181546127640807,4.19247093712487,1
0.53087500055674,0.1888636053648543,0.5448542503578149,1
1.2633213316119032,-0.6315109208552395,1.4627997501716075,1
0.6143094316498744,0.6099612156358601,0.10374039162329696,0
1.4306675769562305,-0.3007666701936734,1.9928195122375785,1
0.07768451522842898,-0.15378179041794676,-0.03952154992270613,1
-1.4393457739858484,0.7359730586482216,1.2661723079315657,0
1.918386316605468,0.031062629377693995,3.581004895891868,1
-1.183025786467256,0.9545875993847701,-0.10422235842109362,0
0.6575241103435598,-0.5462862829042071,0.09949038341563199,1
0.015446800123144755,-0.643571417216817,-0.759952452927239,1
0.5358922818768963,1.2907779637674768,-1.7651834749980067,0
0.9525587574353418,-0.059929376256720124,0.9667396091319602,0
-0.8365864494691337,0.5826357959859566,0.847613216891792,0
-0.17702561086032276,0.9193503857169063,-0.4924562527165444,0
1.3252648142491956,-0.20339447102528102,1.165282305775189,1
-0.4299851435669893,0.5070434204955683,-0.41857565437913935,0
0.6128037662982803,-0.4436533858398504,0.5079700450180696,1
0.11643075049404658,1.3314519077403375,-2.1030786507031856,0
0.7338765634512878,-0.41517202045074253,0.2875854013189617,1
1.273894094951887,0.7179387267468024,1.2998883844490607,0
1.2576763161570437,-0.6145043335516484,0.8652135810663242,1
1.8469563246437621,0.18037891377227286,3.415592539759015,1
0.93566215106651,0.7543249655707824,-0.16045141596632512,0
-0.2173152265968874,1.278386728558321,-1.7975253954261148,0
-0.5833602692198785,0.5889930353070278,0.10532008501399133,0
0.9689708212907162,0.4745490056633786,0.15615988700061956,0
2.2749225929209396,-0.8923894287755811,4.533080069477863,1
2.023128776610669,-0.45995337250413176,3.8746197122479193,1
1.8788164887175345,0.12455899088405965,3.707807940112832,1
1.1712202855457123,-0.6516556513678948,1.0254718162366963,1
2.254601037185215,-0.16828392703261302,5.532355507269974,1
